dnaurl,name,county
allerton,Allerton,Bronx
annandale,Annadale,Staten Island
arden-heights,Arden Heights,Staten Island
arrochar,Arrochar,Staten Island
arverne,Arverne,Queens
astoria,Astoria,Queens
auburndale,Auburndale,Queens
bath-beach,Bath Beach,Brooklyn
battery-park-city,Battery Park City,Manhattan
bay-ridge,Bay Ridge,Brooklyn
bay-terrace,Bay Terrace,Queens
bay-terrace-staten-island,Bay Terrace (Staten Island),Staten Island
baychester,Baychester,Bronx
bayside,Bayside,Queens
bayswater,Bayswater,Queens
bed-stuy,Bedford-Stuyvesant,Brooklyn
bedford-park,Bedford Park ,Bronx
beechhurst,Beechhurst,Queens
belle-harbor,Belle Harbor,Queens
bellerose,Bellerose,Queens
belmont,Belmont,Bronx
bensonhurst,Bensonhurst,Brooklyn
bergen-beach,Bergen Beach,Brooklyn
bloomfield,Bloomfield,Staten Island
boerum-hill,Boreum Hill,Brooklyn
borough-park,Borough Park,Brooklyn
breezy-point,Breezy Point,Queens
briarwood,Briarwood,Queens
brighton-beach,Brighton Beach,Brooklyn
broad-channel,Broad Channel,Queens
brooklyn-heights,Brooklyn Heights,Brooklyn
brookville,Brookville,Queens
brownsville,Brownsville,Brooklyn
bulls-heads,Bulls Heads,Staten Island
bushwick,Bushwick,Brooklyn
cambria-heights,Cambria Heights,Queens
canarsie,Canarsie,Brooklyn
carnegie-hill,Carnegie Hill,Manhattan
carroll-gardens,Carroll Gardens,Brooklyn
castle-hill,Castle Hill,Bronx
castleton-corners,Castleton Corners,Staten Island
central-harlem,Central Harlem,Manhattan
charleston,Charleston,Staten Island
chelsea,Chelsea,Manhattan
chelsea-staten-island,Chelsea (Staten Island),Staten Island
chinatown,Chinatown,Manhattan
city-island,City Island,Bronx
civic-center,Civic Center,Manhattan
claremont,Claremont,Bronx
claremont-village,Claremont Village,Bronx
clason-point,Clason Point,Bronx
clifton,Clifton,Staten Island
clinton-hill,Clinton Hill,Brooklyn
co-op-city,Co-Op City,Bronx
cobble-hill,Cobble Hill,Brooklyn
college-point,College Point,Queens
columbia-street-waterfront-district,Columbia Street Waterfront District,Brooklyn
columbus-circle,Columbus Circle,Manhattan
concord,Concord,Staten Island
concourse,Concourse,Bronx
concourse-village,Concourse Village,Bronx
coney-island,Coney Island,Brooklyn
corona,Corona,Queens
country-club,Country Club,Bronx
crown-heights,Crown Heights North,Brooklyn
cypress-hills,Cypress Hills,Brooklyn
ditmars,Ditmars,Queens
ditmas-park,Ditmas Park,Brooklyn
dongan-hills,Dongan Hills,Staten Island
douglaston,Douglaston,Queens
downtown-brooklyn,Downtown Brooklyn,Brooklyn
dumbo,DUMBO,Brooklyn
dyker-heights,Dyker Heights,Brooklyn
east-elmhurst,East Elmhurst,Queens
east-flatbush,East Flatbush,Brooklyn
east-harlem,East Harlem,Manhattan
east-new-york,East New York,Brooklyn
east-village,East Village,Manhattan
east-williamsburg,East Williamsburg,Brooklyn
eastchester,Eastchester,Bronx
edenwald,Edenwald,Bronx
edgemere,Edgemere,Queens
elm-park,Elm Park,Staten Island
elmhurst,Elmhurst,Queens
eltingville,Eltingville,Staten Island
emerson-hill,Emerson Hill,Staten Island
far-rockaway,Far Rockaway,Queens
fieldston,Fieldston,Bronx
financial-district,Financial District,Manhattan
flatbush,Flatbush,Brooklyn
flatiron,Flatiron,Manhattan
flatlands,Flatlands,Brooklyn
flushing,Flushing,Queens
fordham,Fordham,Bronx
forest-hills,Forest Hills,Queens
fort-george,Fort George,Manhattan
fort-greene,Fort Greene,Brooklyn
fort-hamilton,Fort Hamilton,Brooklyn
fort-wadsworth,Fort Wadsworth,Staten Island
fresh-meadows,Fresh Meadows,Queens
garment-district,Garment District,Manhattan
gerritsen-beach,Gerritsen Beach,Brooklyn
glendale,Glendale,Queens
gowanus,Gowanus,Brooklyn
gramercy,Gramercy,Manhattan
graniteville,Graniteville,Staten Island
grant-city,Grant City,Staten Island
grasmere,Grasmere,Staten Island
gravesend,Gravesend,Brooklyn
great-kills,Great Kills,Staten Island
greenpoint,Greenpoint,Brooklyn
greenridge,Greenridge,Staten Island
greenwich-village,Greenwich Village,Manhattan
greenwood-heights,Greenwood Heights,Brooklyn
grymes-hill,Grymes Hill,Staten Island
hamilton-beach,Hamilton Beach,Queens
hamilton-heights,Hamilton Heights,Manhattan
heartland-village,Heartland Village,Staten Island
hells-kitchen-clinton,Hell's Kitchen / Clinton,Manhattan
high-bridge,High Bridge,Bronx
hillcrest,Hillcrest,Queens
hollis,Hollis,Queens
holliswood,Holliswood,Queens
homecrest,Homecrest,Brooklyn
howard-beach,Howard Beach,Queens
hudson-heights,Hudson Heights,Manhattan
hudson-square,Hudson Square,Manhattan
huguenot,Huguenot,Staten Island
hunts-point,Hunts Point,Bronx
inwood,Inwood,Manhattan
jackson-heights,Jackson Heights,Queens
jamaica,Jamaica,Queens
jamaica-estates,Jamaica Estates,Queens
jamaica-hills,Jamaica Hills,Queens
kensington,Kensington,Brooklyn
kew-gardens,Kew Gardens,Queens
kew-gardens-hills,Kew Gardens Hills,Queens
kingsbridge,Kingsbridge,Bronx
kingsbridge-heights,Kingsbridge Heights,Bronx
kips-bay,Kips Bay,Manhattan
laurelton,Laurelton,Queens
lenox-hill,Lenox Hill,Manhattan
lighthouse-hills,Lighthouse Hill,Staten Island
lincoln-square,Lincoln Square,Manhattan
lindenwood,Lindenwood,Queens
little-italy,Little Italy,Manhattan
little-neck,Little Neck,Queens
livingston,Livingston,Staten Island
long-island-city,Long Island City,Queens
longwood,Longwood,Bronx
lower-east-side,Lower East Side,Manhattan
malba,Malba,Queens
manhattan-beach,Manhattan Beach,Brooklyn
manhattan-valley,Manhattan Valley,Manhattan
marble-hill,Marble Hill,Bronx
marine-park,Marine Park,Brooklyn
mariners-harbor,Mariners Harbor,Staten Island
maspeth,Maspeth,Queens
meatpacking-district,Meatpacking District,Manhattan
meiers-corners,Meier's Corners,Staten Island
melrose,Melrose,Bronx
middle-village,Middle Village,Queens
midland-beach,Midland Beach,Staten Island
midtown,Midtown,Manhattan
midtown-east,Midtown East,Manhattan
midtown-south,Midtown South,Manhattan
midwood,Midwood,Brooklyn
mill-basin,Mill Basin,Brooklyn
morningside-heights,Morningside Heights,Manhattan
morris-heights,Morris Heights,Bronx
morris-park,Morris Park,Bronx
morrisania,Morrisania,Bronx
mott-haven,Mott Haven,Bronx
mount-hope,Mount Hope,Bronx
murray-hill,Murray Hill,Manhattan
murray-hill-queens,Murray Hill (Queens),Queens
neponsit,Neponsit,Queens
new-brighton,New Brighton,Staten Island
new-dorp,New Dorp,Staten Island
new-dorp-beach,New Dorp Beach,Staten Island
new-springville,New Springville,Staten Island
noho,NoHo,Manhattan
nolita,Nolita,Manhattan
norwood,Norwood,Bronx
oakland-gardens,Oakland Gardens,Queens
oakwood,Oakwood,Staten Island
ocean-breeze,Ocean Breeze,Staten Island
ocean-hill,Ocean Hill,Brooklyn
old-town,Old Town,Staten Island
olinville,Olinville,Bronx
ozone-park,Ozone Park,Queens
park-slope,Park Slope,Brooklyn
parkchester,Parkchester,Bronx
pelham-bay,Pelham Bay,Bronx
pelham-gardens,Pelham Gardens,Bronx
pelham-parkway,Pelham Parkway,Bronx
pleasant-plains,Pleasant Plains,Staten Island
pomonok,Pomonok,Queens
port-morris,Port Morris,Bronx
port-richmond,Port Richmond,Staten Island
princes-bay,Prince's Bay,Staten Island
prospect-heights,Prospect Heights,Brooklyn
prospect-park-south,Prospect Park South,Brooklyn
prospect-lefferts-gardens,Prospect-Lefferts Gardens,Brooklyn
queens-village,Queens Village,Queens
randall-manor,Randall Manor,Staten Island
red-hook,Red Hook,Brooklyn
rego-park,Rego Park,Queens
richmond-hill,Richmond Hill,Queens
richmond-town,Richmondtown,Staten Island
ridgewood,Ridgewood,Queens
riverdale,Riverdale,Bronx
rochdale-village,Rochdale Village,Queens
rockaway-beach,Rockaway Beach,Queens
rockaway-park,Rockaway Park,Queens
roosevelt-island,Roosevelt Island,Manhattan
rosebank,Rosebank,Staten Island
rosedale,Rosedale,Queens
rossville,Rossville,Staten Island
roxbury,Roxbury,Queens
schuylerville,Schuylerville,Bronx
sea-gate,Sea Gate,Brooklyn
seaside,Seaside,Queens
sheepshead-bay,Sheepshead Bay,Brooklyn
shore-acres,Shore Acres,Staten Island
silver-lake,Silver Lake,Staten Island
soho,SoHo,Manhattan
soundview,Soundview,Bronx
south-beach,South Beach,Staten Island
south-jamaica,South Jamaica,Queens
south-ozone-park,South Ozone Park,Queens
south-street-seaport,South Street Seaport,Manhattan
springfield-gardens,Springfield Gardens,Queens
spuyten-duyvil,Spuyten Duyvil,Bronx
st-albans,St. Albans,Queens
st.-george,St. George,Staten Island
stapleton,Stapleton,Staten Island
starrett-city,Starrett City,Brooklyn
stuy-town,Stuyvesant Town,Manhattan
sugar-hill,Sugar Hill,Manhattan
sunnyside,Sunnyside,Queens
sunnyside-staten-island,Sunnyside (Staten Island),Staten Island
sunset-park,Sunset Park,Brooklyn
sutton-place,Sutton Place,Manhattan
throgs-neck,Throgs Neck,Bronx
times-square-theater-district,Times Square/ Theater District,Manhattan
todt-hill,Todt Hill,Staten Island
tompkinsville,Tompkinsville,Staten Island
tottenville,Tottenville,Staten Island
travis,Travis,Staten Island
tremont-east-tremont,Tremont & East Tremont,Bronx
tribeca,TriBeCa,Manhattan
turtle-bay,Turtle Bay,Manhattan
union-square,Union Square,Manhattan
unionport,Unionport,Bronx
university-heights,University Heights,Bronx
upper-east-side,Upper East Side,Manhattan
upper-west-side,Upper West Side,Manhattan
utopia,Utopia,Queens
van-nest,Van Nest,Bronx
vinegar-hill,Vinegar Hill,Brooklyn
wakefield,Wakefield,Bronx
washington-heights,Washington Heights,Manhattan
wavecrest,Wavecrest,Queens
west-brighton,West Brighton,Staten Island
west-farms,West Farms,Bronx
west-harlem,West Harlem,Manhattan
west-village,West Village,Manhattan
westchester-square,Westchester Square,Bronx
westerleigh,Westerleigh,Staten Island
whitestone,Whitestone,Queens
williamsbridge,Williamsbridge,Bronx
williamsburg,Williamsburg,Brooklyn
willowbrook,Willowbrook,Staten Island
windsor-terrace,Windsor Terrace,Brooklyn
woodhaven,Woodhaven,Queens
woodlawn,Woodlawn,Bronx
woodrow,Woodrow,Staten Island
woodside,Woodside,Queens
yorkville,Yorkville,Manhattan
other,Other,city
