allerton,Allerton
annandale,Annadale
arden-heights,Arden Heights
arrochar,Arrochar
arverne,Arverne
astoria,Astoria
auburndale,Auburndale
bath-beach,Bath Beach
battery-park-city,Battery Park City
bay-ridge,Bay Ridge
bay-terrace,Bay Terrace
bay-terrace-staten-island,Bay Terrace (Staten Island)
baychester,Baychester
bayside,Bayside
bayswater,Bayswater
bed-stuy,Bedford-Stuyvesant
bedford-park,Bedford Park 
beechhurst,Beechhurst
belle-harbor,Belle Harbor
bellerose,Bellerose
belmont,Belmont
bensonhurst,Bensonhurst
bergen-beach,Bergen Beach
bloomfield,Bloomfield
boerum-hill,Boreum Hill
borough-park,Borough Park
breezy-point,Breezy Point
briarwood,Briarwood
brighton-beach,Brighton Beach
broad-channel,Broad Channel
brooklyn-heights,Brooklyn Heights
brookville,Brookville
brownsville,Brownsville
bulls-heads,Bulls Heads
bushwick,Bushwick
cambria-heights,Cambria Heights
canarsie,Canarsie
carnegie-hill,Carnegie Hill
carroll-gardens,Carroll Gardens
castle-hill,Castle Hill
castleton-corners,Castleton Corners
central-harlem,Central Harlem
charleston,Charleston
chelsea,Chelsea
chelsea-staten-island,Chelsea (Staten Island)
chinatown,Chinatown
city-island,City Island
civic-center,Civic Center
claremont,Claremont
claremont-village,Claremont Village
clason-point,Clason Point
clifton,Clifton
clinton-hill,Clinton Hill
co-op-city,Co-Op City
cobble-hill,Cobble Hill
college-point,College Point
columbia-street-waterfront-district,Columbia Street Waterfront District
columbus-circle,Columbus Circle
concord,Concord
concourse,Concourse
concourse-village,Concourse Village
coney-island,Coney Island
corona,Corona
country-club,Country Club
crown-heights,Crown Heights North
cypress-hills,Cypress Hills
ditmars,Ditmars
ditmas-park,Ditmas Park
dongan-hills,Dongan Hills
douglaston,Douglaston
downtown-brooklyn,Downtown Brooklyn
dumbo,DUMBO
dyker-heights,Dyker Heights
east-elmhurst,East Elmhurst
east-flatbush,East Flatbush
east-harlem,East Harlem
east-new-york,East New York
east-village,East Village
east-williamsburg,East Williamsburg
eastchester,Eastchester
edenwald,Edenwald
edgemere,Edgemere
elm-park,Elm Park
elmhurst,Elmhurst
eltingville,Eltingville
emerson-hill,Emerson Hill
far-rockaway,Far Rockaway
fieldston,Fieldston
financial-district,Financial District
flatbush,Flatbush
flatiron,Flatiron
flatlands,Flatlands
flushing,Flushing
fordham,Fordham
forest-hills,Forest Hills
fort-george,Fort George
fort-greene,Fort Greene
fort-hamilton,Fort Hamilton
fort-wadsworth,Fort Wadsworth
fresh-meadows,Fresh Meadows
garment-district,Garment District
gerritsen-beach,Gerritsen Beach
glendale,Glendale
gowanus,Gowanus
gramercy,Gramercy
graniteville,Graniteville
grant-city,Grant City
grasmere,Grasmere
gravesend,Gravesend
great-kills,Great Kills
greenpoint,Greenpoint
greenridge,Greenridge
greenwich-village,Greenwich Village
greenwood-heights,Greenwood Heights
grymes-hill,Grymes Hill
hamilton-beach,Hamilton Beach
hamilton-heights,Hamilton Heights
heartland-village,Heartland Village
hells-kitchen-clinton,Hell's Kitchen / Clinton
high-bridge,High Bridge
hillcrest,Hillcrest
hollis,Hollis
holliswood,Holliswood
homecrest,Homecrest
howard-beach,Howard Beach
hudson-heights,Hudson Heights
hudson-square,Hudson Square
huguenot,Huguenot
hunts-point,Hunts Point
inwood,Inwood
jackson-heights,Jackson Heights
jamaica,Jamaica
jamaica-estates,Jamaica Estates
jamaica-hills,Jamaica Hills
kensington,Kensington
kew-gardens,Kew Gardens
kew-gardens-hills,Kew Gardens Hills
kingsbridge,Kingsbridge
kingsbridge-heights,Kingsbridge Heights
kips-bay,Kips Bay
laurelton,Laurelton
lenox-hill,Lenox Hill
lighthouse-hills,Lighthouse Hill
lincoln-square,Lincoln Square
lindenwood,Lindenwood
little-italy,Little Italy
little-neck,Little Neck
livingston,Livingston
long-island-city,Long Island City
longwood,Longwood
lower-east-side,Lower East Side
malba,Malba
manhattan-beach,Manhattan Beach
manhattan-valley,Manhattan Valley
marble-hill,Marble Hill
marine-park,Marine Park
mariners-harbor,Mariners Harbor
maspeth,Maspeth
meatpacking-district,Meatpacking District
meiers-corners,Meier's Corners
melrose,Melrose
middle-village,Middle Village
midland-beach,Midland Beach
midtown,Midtown
midtown-east,Midtown East
midtown-south,Midtown South
midwood,Midwood
mill-basin,Mill Basin
morningside-heights,Morningside Heights
morris-heights,Morris Heights
morris-park,Morris Park
morrisania,Morrisania
mott-haven,Mott Haven
mount-hope,Mount Hope
murray-hill,Murray Hill
murray-hill-queens,Murray Hill (Queens)
neponsit,Neponsit
new-brighton,New Brighton
new-dorp,New Dorp
new-dorp-beach,New Dorp Beach
new-springville,New Springville
noho,NoHo
nolita,Nolita
norwood,Norwood
oakland-gardens,Oakland Gardens
oakwood,Oakwood
ocean-breeze,Ocean Breeze
ocean-hill,Ocean Hill
old-town,Old Town
olinville,Olinville
ozone-park,Ozone Park
park-slope,Park Slope
parkchester,Parkchester
pelham-bay,Pelham Bay
pelham-gardens,Pelham Gardens
pelham-parkway,Pelham Parkway
pleasant-plains,Pleasant Plains
pomonok,Pomonok
port-morris,Port Morris
port-richmond,Port Richmond
princes-bay,Prince's Bay
prospect-heights,Prospect Heights
prospect-park-south,Prospect Park South
prospect-lefferts-gardens,Prospect-Lefferts Gardens
queens-village,Queens Village
randall-manor,Randall Manor
red-hook,Red Hook
rego-park,Rego Park
richmond-hill,Richmond Hill
richmond-town,Richmondtown
ridgewood,Ridgewood
riverdale,Riverdale
rochdale-village,Rochdale Village
rockaway-beach,Rockaway Beach
rockaway-park,Rockaway Park
roosevelt-island,Roosevelt Island
rosebank,Rosebank
rosedale,Rosedale
rossville,Rossville
roxbury,Roxbury
schuylerville,Schuylerville
sea-gate,Sea Gate
seaside,Seaside
sheepshead-bay,Sheepshead Bay
shore-acres,Shore Acres
silver-lake,Silver Lake
soho,SoHo
soundview,Soundview
south-beach,South Beach
south-jamaica,South Jamaica
south-ozone-park,South Ozone Park
south-street-seaport,South Street Seaport
springfield-gardens,Springfield Gardens
spuyten-duyvil,Spuyten Duyvil
st-albans,St. Albans
st.-george,St. George
stapleton,Stapleton
starrett-city,Starrett City
stuy-town,Stuyvesant Town
sugar-hill,Sugar Hill
sunnyside,Sunnyside
sunnyside-staten-island,Sunnyside (Staten Island)
sunset-park,Sunset Park
sutton-place,Sutton Place
throgs-neck,Throgs Neck
times-square-theater-district,Times Square/ Theater District
todt-hill,Todt Hill
tompkinsville,Tompkinsville
tottenville,Tottenville
travis,Travis
tremont-east-tremont,Tremont & East Tremont
tribeca,TriBeCa
turtle-bay,Turtle Bay
union-square,Union Square
unionport,Unionport
university-heights,University Heights
upper-east-side,Upper East Side
upper-west-side,Upper West Side
utopia,Utopia
van-nest,Van Nest
vinegar-hill,Vinegar Hill
wakefield,Wakefield
washington-heights,Washington Heights
wavecrest,Wavecrest
west-brighton,West Brighton
west-farms,West Farms
west-harlem,West Harlem
west-village,West Village
westchester-square,Westchester Square
westerleigh,Westerleigh
whitestone,Whitestone
williamsbridge,Williamsbridge
williamsburg,Williamsburg
willowbrook,Willowbrook
windsor-terrace,Windsor Terrace
woodhaven,Woodhaven
woodlawn,Woodlawn
woodrow,Woodrow
woodside,Woodside
yorkville,Yorkville
other,Other
