austin,Austin
albany-park,Albany Park
altgeld-gardens,Altgeld Gardens
andersonville,Andersonville
archer-heights,Archer Heights
armour-square,Armour Square
ashburn,Ashburn
auburn-gresham,Auburn Gresham
avalon-park,Avalon Park
avondale,Avondale
back-of-yards,Back of the Yards
belmont-cragin,Belmont Cragin
beverly,Beverly
boystown,Boystown
brainerd,Brainerd
bridgeport,Bridgeport
brighton-park,Brighton Park
bronzeville,Bronzeville
bucktown,Bucktown
burnside,Burnside
bush,The Bush
calumet-heights,Calumet Heights
canaryville,Canaryville
chatham,Chatham
chicago-lawn,Chicago Lawn
chinatown,Chinatown
clearing,Clearing
douglas,Douglas
downtown,Downtown
dunning,Dunning
east-garfield-park,East Garfield Park
east-side,East Side
east-village,East Village
edgebrook,Edgebrook
edgewater,Edgewater
edison-park,Edison Park
englewood,Englewood
ford-city,Ford City
forest-glen,Forest Glen
fuller-park,Fuller Park
gage-park,Gage Park
gap,The Gap
garfield-park,Garfield Park
garfield-ridge,Garfield Ridge
gladstone-park,Gladstone Park
gold-coast,Gold Coast
grand-boulevard,Grand Boulevard
grand-crossing,Grand Crossing
greektown,Greektown
heart-of-chicago,Heart of Chicago
heart-of-italy,Heart of Italy
hegewisch,Hegewisch
hermosa,Hermosa
humboldt-park,Humboldt Park
hyde-park,Hyde Park
irving-park,Irving Park
jackson-highlands,Jackson Highlands
jefferson-park,Jefferson Park
kenwood,Kenwood
lakeview,Lakeview
lincoln-park,Lincoln Park
lincoln-square,Lincoln Square
little-italy,Little Italy
little-village,Little Village
logan-square,Logan Square
loop,Loop
marquette-park,Marquette Park
mayfair,Mayfair
mckinley-park,McKinley Park
medical-district,Medical District
midway,Midway
montclare,Montclare
morgan-park,Morgan Park
mt-greenwood,Mt. Greenwood
near-west-side,Near West Side
new-city,New City
noble-square,Noble Square
north-center,North Center
north-edgebrook,North Edgebrook
north-lawndale,North Lawndale
north-park,North Park
norwood-park,Norwood Park
oakland,Oakland
ohare,O'Hare
old-edgebrook,Old Edgebrook
old-town,Old Town
pill-hill,Pill Hill
pilsen,Pilsen
portage-park,Portage Park
pullman,Pullman
ravenswood-manor,Ravenswood Manor
ravenswood,Ravenswood
river-north,River North
river-west,River West
riverdale,Riverdale
rogers-park,Rogers Park
roscoe-village,Roscoe Village
roseland,Roseland
sauganash,Sauganash
south-austin,South Austin
south-chicago,South Chicago
south-deering,South Deering
south-lawndale,South Lawndale
south-loop,South Loop
south-shore-above-79th,South Shore above 79th
south-shore,South Shore
streeterville,Streeterville
tri-taylor,Tri Taylor
ukrainian-village,Ukrainian Village
university-village,University Village
uptown,Uptown
washington-heights,Washington Heights
washington-park,Washington Park
west-beverly,West Beverly
west-elsdon,West Elsdon
west-englewood,West Englewood
west-humboldt-park,West Humboldt Park
west-lawn,West Lawn
west-loop,West Loop
west-pullman,West Pullman
west-ridge,West Ridge
west-rogers-park,West Rogers Park
west-town,West Town
wicker-park,Wicker Park
woodlawn,Woodlawn
wrigleyville,Wrigleyville
other,Other
